name,handedness,height,weight,avg,HR,name_clean,last_name
Tom Brown,R,73,170,0,0,Tom Brown,Brown
Denny Lemaster,R,73,182,0.13,4,Denny Lemaster,Lemaster
Joe Nolan,L,71,175,0.263,27,Joe Nolan,Nolan
Denny Doyle,L,69,175,0.25,16,Denny Doyle,Doyle
Jose Cardenal,R,70,150,0.275,138,Jose Cardenal,Cardenal
Mike Ryan,R,74,205,0.193,28,Mike Ryan,Ryan
Fritz Peterson,B,72,185,0.159,2,Fritz Peterson,Peterson
Dick Bertell,R,72,200,0.25,10,Dick Bertell,Bertell
Rod Kanehl,R,73,180,0.241,6,Rod Kanehl,Kanehl
Ozzie Osborn,R,74,195,0,0,Ozzie Osborn,Osborn
John LaRose,L,73,185,0,0,John LaRose,LaRose
Jeff Byrd,R,75,195,0,0,Jeff Byrd,Byrd
Juan Bonilla,R,69,170,0.256,7,Juan Bonilla,Bonilla
Frank Tepedino,L,71,185,0.241,6,Frank Tepedino,Tepedino
Jerry Kutzler,L,73,175,0,0,Jerry Kutzler,Kutzler
Rick Wise,R,73,180,0.195,15,Rick Wise,Wise
Darrell Evans,L,74,200,0.248,414,Darrell Evans,Evans
Buck Martinez,R,70,190,0.225,58,Buck Martinez,Martinez
John Wockenfuss,R,72,190,0.262,86,John Wockenfuss,Wockenfuss
Tommy McCraw,L,72,183,0.246,75,Tommy McCraw,McCraw
Jeff Barkley,B,75,185,0,0,Jeff Barkley,Barkley
Eric Wilkins,R,73,190,0,0,Eric Wilkins,Wilkins
Britt Burns,L,77,215,0,0,Britt Burns,Burns
Lee Lacy,R,73,175,0.286,91,Lee Lacy,Lacy
Pete Rose,B,71,192,0.303,160,Pete Rose,Rose
Danny Walton,R,72,195,0.223,28,Danny Walton,Walton
Bobby Cox,R,71,180,0.225,9,Bobby Cox,Cox
Brad Wellman,R,72,170,0.231,6,Brad Wellman,Wellman
Jeff Newman,R,74,215,0.224,63,Jeff Newman,Newman
Pedro Gonzalez,R,72,176,0.244,8,Pedro Gonzalez,Gonzalez
Nardi Contreras,B,74,193,0,0,Nardi Contreras,Contreras
Tommie Reynolds,R,74,190,0.226,12,Tommie Reynolds,Reynolds
Gene Clines,R,69,170,0.277,5,Gene Clines,Clines
Jim Hickman,R,75,192,0.252,159,Jim Hickman,Hickman
Jack Billingham,R,76,195,0.111,0,Jack Billingham,Billingham
Jerry Buchek,R,71,185,0.22,22,Jerry Buchek,Buchek
Ivan DeJesus,R,71,175,0.254,21,Ivan DeJesus,DeJesus
Gary Nolan,R,74,197,0.138,1,Gary Nolan,Nolan
Gil Patterson,R,73,185,0,0,Gil Patterson,Patterson
Fred Whitfield,L,73,190,0.253,108,Fred Whitfield,Whitfield
Larry Dierker,R,76,215,0.136,4,Larry Dierker,Dierker
Dave Skaggs,R,74,200,0.241,3,Dave Skaggs,Skaggs
Dick Ruthven,R,75,190,0.183,1,Dick Ruthven,Ruthven
Jerry Garvin,L,75,195,0,0,Jerry Garvin,Garvin
Steve Eddy,R,74,185,0,0,Steve Eddy,Eddy
Dave Kingman,R,78,210,0.236,442,Dave Kingman,Kingman
Eric Soderholm,R,71,187,0.264,102,Eric Soderholm,Soderholm
Kevin Mmahat,L,77,220,0,0,Kevin Mmahat,Mmahat
Ed Brinkman,R,72,170,0.224,60,Ed Brinkman,Brinkman
Wayne Garrett,L,71,175,0.239,61,Wayne Garrett,Garrett
Tony Muser,L,74,180,0.259,7,Tony Muser,Muser
Jim Siwy,R,76,200,0,0,Jim Siwy,Siwy
Bud Anderson,R,75,210,0,0,Bud Anderson,Anderson
Ted Ford,R,70,180,0.219,17,Ted Ford,Ford
Kevin Stanfield,L,72,190,0,0,Kevin Stanfield,Stanfield
Jim Lyttle,L,72,180,0.248,9,Jim Lyttle,Lyttle
John Butcher,R,76,185,0,0,John Butcher,Butcher
Jerry Ujdur,R,73,195,0,0,Jerry Ujdur,Ujdur
Scot Thompson,L,75,195,0.262,5,Scot Thompson,Thompson
Gene Locklear,L,70,165,0.274,9,Gene Locklear,Locklear
Bo Diaz,R,71,185,0.255,87,Bo Diaz,Diaz
Bump Wills,B,69,172,0.266,36,Bump Wills,Wills
Brian Denman,R,76,205,0,0,Brian Denman,Denman
Pat Putnam,L,72,205,0.255,63,Pat Putnam,Putnam
Kurt Bevacqua,R,72,180,0.236,27,Kurt Bevacqua,Bevacqua
Bob Fallon,L,75,200,0,0,Bob Fallon,Fallon
Syd O'Brien,R,73,185,0.23,24,Syd O'Brien,O'Brien
Chris Chambliss,L,73,195,0.279,185,Chris Chambliss,Chambliss
Tom Satriano,L,73,185,0.225,21,Tom Satriano,Satriano
Jeffrey Leonard,R,74,200,0.266,144,Jeffrey Leonard,Leonard
Dal Maxvill,R,71,157,0.217,6,Dal Maxvill,Maxvill
Steve Curry,R,78,217,0,0,Steve Curry,Curry
Cesar Tovar,R,69,155,0.278,46,Cesar Tovar,Tovar
Mickey Lolich,B,73,170,0.11,0,Mickey Lolich,Lolich
Ray Chadwick,B,74,180,0,0,Ray Chadwick,Chadwick
Jack Heidemann,R,72,175,0.211,9,Jack Heidemann,Heidemann
Rich Rollins,R,70,185,0.269,77,Rich Rollins,Rollins
Walt Bond,L,79,228,0.256,41,Walt Bond,Bond
Merv Rettenmund,R,70,190,0.271,66,Merv Rettenmund,Rettenmund
Bryan Clutterbuck,R,76,223,0,0,Bryan Clutterbuck,Clutterbuck
Byron Browne,R,74,190,0.236,30,Byron Browne,Browne
Hector Torres,R,72,175,0.216,18,Hector Torres,Torres
Walt Williams,R,66,165,0.27,33,Walt Williams,Williams
Jerry Koosman,R,74,205,0.119,2,Jerry Koosman,Koosman
Steve Lombardozzi,R,72,175,0.233,20,Steve Lombardozzi,Lombardozzi
Joe Azcue,R,72,190,0.252,50,Joe Azcue,Azcue
Elliott Maddox,R,71,180,0.261,18,Elliott Maddox,Maddox
Omar Moreno,L,74,180,0.252,37,Omar Moreno,Moreno
Julian Javier,R,73,175,0.257,78,Julian Javier,Javier
Tony Ferreira,L,73,160,0,0,Tony Ferreira,Ferreira
Elio Chacon,R,69,160,0.232,4,Elio Chacon,Chacon
Rusty Torres,B,70,175,0.212,35,Rusty Torres,Torres
John Stearns,R,72,185,0.26,46,John Stearns,Stearns
Larry Brown,R,70,160,0.233,47,Larry Brown,Brown
Tommy Dean,R,72,165,0.18,4,Tommy Dean,Dean
Bryan Oelkers,L,75,192,0,0,Bryan Oelkers,Oelkers
Kevin Bearse,L,74,195,0,0,Kevin Bearse,Bearse
Marty Martinez,B,72,170,0.243,0,Marty Martinez,Martinez
Bruce Boisclair,L,74,185,0.263,10,Bruce Boisclair,Boisclair
Ken Singleton,B,76,210,0.282,246,Ken Singleton,Singleton
Frank White,R,71,165,0.255,160,Frank White,White
Jim Fairey,L,70,190,0.235,7,Jim Fairey,Fairey
Jose Roman,R,72,175,0,0,Jose Roman,Roman
Tom Brookens,R,70,165,0.246,71,Tom Brookens,Brookens
Gary Thomasson,L,73,180,0.249,61,Gary Thomasson,Thomasson
Mike Trujillo,R,73,180,0,0,Mike Trujillo,Trujillo
Albert Williams,R,76,190,0,0,Albert Williams,Williams
Oswaldo Peraza,R,76,172,0,0,Oswaldo Peraza,Peraza
Otto Velez,R,72,170,0.251,78,Otto Velez,Velez
Tony Scott,B,72,164,0.249,17,Tony Scott,Scott
Ray Oyler,R,71,165,0.175,15,Ray Oyler,Oyler
Barry Cort,R,77,210,0,0,Barry Cort,Cort
Floyd Robinson,L,69,175,0.283,67,Floyd Robinson,Robinson
Steve Jeltz,B,71,180,0.21,5,Steve Jeltz,Jeltz
Lou Brock,L,71,170,0.293,149,Lou Brock,Brock
Bill Wilkinson,R,70,160,0,0,Bill Wilkinson,Wilkinson
Joe Lovitto,B,72,185,0.216,4,Joe Lovitto,Lovitto
Mike Loynd,R,76,210,0,0,Mike Loynd,Loynd
Wayne Comer,R,70,175,0.229,16,Wayne Comer,Comer
Dave Collins,B,71,175,0.272,32,Dave Collins,Collins
Ed Spiezio,R,71,180,0.238,39,Ed Spiezio,Spiezio
Rico Petrocelli,R,72,175,0.251,210,Rico Petrocelli,Petrocelli
Johnny Lewis,L,73,189,0.227,22,Johnny Lewis,Lewis
Dick Simpson,R,76,176,0.207,15,Dick Simpson,Simpson
Ken Boswell,L,72,170,0.248,31,Ken Boswell,Boswell
Ken McMullen,R,75,190,0.248,156,Ken McMullen,McMullen
Randy Scarbery,B,73,185,0,0,Randy Scarbery,Scarbery
Steve Swisher,R,74,205,0.216,20,Steve Swisher,Swisher
Ben Callahan,R,79,230,0,0,Ben Callahan,Callahan
Dick Howser,R,68,155,0.248,16,Dick Howser,Howser
Manny Castillo,B,69,160,0.242,3,Manny Castillo,Castillo
Mike Ramsey,B,73,170,0.24,2,Mike Ramsey,Ramsey
Willie Crawford,L,73,197,0.268,86,Willie Crawford,Crawford
Bobby Cuellar,R,71,188,0,0,Bobby Cuellar,Cuellar
Willie Norwood,R,72,185,0.242,18,Willie Norwood,Norwood
Mike Jones,L,78,215,0,0,Mike Jones,Jones
Jeff Stone,L,72,175,0.277,11,Jeff Stone,Stone
Ramon Manon,R,72,150,0,0,Ramon Manon,Manon
Joe Lahoud,L,73,198,0.223,65,Joe Lahoud,Lahoud
Tim Flannery,L,71,175,0.255,9,Tim Flannery,Flannery
Dave McKay,B,73,195,0.229,21,Dave McKay,McKay
John Trautwein,R,75,205,0,0,John Trautwein,Trautwein
Andy Replogle,R,77,205,0,0,Andy Replogle,Replogle
Zach Crouch,L,75,180,0,0,Zach Crouch,Crouch
Benny Ayala,R,73,185,0.251,38,Benny Ayala,Ayala
Ron Romanick,R,76,195,0,0,Ron Romanick,Romanick
Greg Gross,L,70,160,0.287,7,Greg Gross,Gross
Bruce Tanner,L,75,220,0,0,Bruce Tanner,Tanner
Sal Butera,R,72,190,0.227,8,Sal Butera,Butera
Jack Brohamer,L,70,165,0.245,30,Jack Brohamer,Brohamer
Von Joshua,L,70,170,0.273,30,Von Joshua,Joshua
Eddie Milner,L,71,173,0.253,42,Eddie Milner,Milner
Johnny Jeter,R,73,180,0.244,18,Johnny Jeter,Jeter
Angel Salazar,R,72,180,0.212,2,Angel Salazar,Salazar
Tony Oliva,L,73,175,0.304,220,Tony Oliva,Oliva
Cito Gaston,R,75,190,0.256,91,Cito Gaston,Gaston
Cookie Rojas,R,70,160,0.263,54,Cookie Rojas,Rojas
Rich Morales,R,71,170,0.195,6,Rich Morales,Morales
Dave Ford,R,76,190,0,0,Dave Ford,Ford
Dan Ford,R,73,185,0.27,121,Dan Ford,Ford
Barry Raziano,B,70,175,0,0,Barry Raziano,Raziano
Darryl Motley,R,69,196,0.243,44,Darryl Motley,Motley
Ozzie Virgil,R,73,180,0.243,98,Ozzie Virgil,Virgil
Johnny Oates,L,71,188,0.25,14,Johnny Oates,Oates
Pat Underwood,L,72,175,0,0,Pat Underwood,Underwood
Mike Phillips,L,72,170,0.24,11,Mike Phillips,Phillips
Ron Santo,R,72,190,0.277,342,Ron Santo,Santo
Jay Johnstone,L,73,175,0.267,102,Jay Johnstone,Johnstone
Jim Ray Hart,R,71,185,0.278,170,Jim Ray Hart,Hart
Marc Hill,R,75,205,0.223,34,Marc Hill,Hill
Joel McKeon,L,72,185,0,0,Joel McKeon,McKeon
Danny Fife,R,75,175,0,0,Danny Fife,Fife
Chico Salmon,R,70,160,0.249,31,Chico Salmon,Salmon
Joe Niekro,R,73,185,0.156,1,Joe Niekro,Niekro
Andy Etchebarren,R,73,190,0.235,49,Andy Etchebarren,Etchebarren
Ken Berry,R,72,175,0.255,58,Ken Berry,Berry
Dave Concepcion,R,74,155,0.267,101,Dave Concepcion,Concepcion
Junior Moore,R,71,185,0.264,7,Junior Moore,Moore
Mike Richardt,R,72,170,0.226,4,Mike Richardt,Richardt
Chris Brown,R,72,185,0.269,38,Chris Brown,Brown
Al Bumbry,L,68,170,0.281,54,Al Bumbry,Bumbry
Al Downing,R,71,175,0.127,2,Al Downing,Downing
Bob Didier,B,72,190,0.229,0,Bob Didier,Didier
Jake Gibbs,L,72,180,0.233,25,Jake Gibbs,Gibbs
Garry Hancock,L,72,175,0.247,12,Garry Hancock,Hancock
Ed Kranepool,L,75,205,0.261,118,Ed Kranepool,Kranepool
Rick Rhoden,R,75,195,0.238,9,Rick Rhoden,Rhoden
Denny McLain,R,73,185,0.133,1,Denny McLain,McLain
Chuck Hiller,L,71,170,0.243,20,Chuck Hiller,Hiller
Jorge Orta,L,70,170,0.278,130,Jorge Orta,Orta
Dave Cash,R,71,170,0.283,21,Dave Cash,Cash
Bucky Dent,R,69,170,0.247,40,Bucky Dent,Dent
Andy Beene,R,75,205,0,0,Andy Beene,Beene
Bruce Robbins,L,73,190,0,0,Bruce Robbins,Robbins
Tony Gonzalez,L,69,170,0.286,103,Tony Gonzalez,Gonzalez
Leon Hooten,R,71,180,0,0,Leon Hooten,Hooten
Larry Haney,R,74,195,0.215,12,Larry Haney,Haney
Billy Conigliaro,R,72,180,0.256,40,Billy Conigliaro,Conigliaro
Gary Roenicke,R,75,205,0.247,121,Gary Roenicke,Roenicke
Don Lock,R,74,195,0.238,122,Don Lock,Lock
Billy Cowan,R,72,170,0.236,40,Billy Cowan,Cowan
Billy Smith,B,74,185,0.23,17,Billy Smith,Smith
Allan Ramirez,R,70,180,0,0,Allan Ramirez,Ramirez
Tony Perez,R,74,175,0.279,379,Tony Perez,Perez
Chuck Schilling,R,70,160,0.239,23,Chuck Schilling,Schilling
Hal McRae,R,71,180,0.29,191,Hal McRae,McRae
Dave Roberts,R,75,215,0.239,49,Dave Roberts1,Roberts
Brian Allard,R,73,175,0,0,Brian Allard,Allard
Jim Lefebvre,B,72,180,0.251,74,Jim Lefebvre,Lefebvre
Fernando Arroyo,R,74,180,0,0,Fernando Arroyo,Arroyo
Gary Beare,R,76,205,0,0,Gary Beare,Beare
Charlie Spikes,R,75,215,0.246,65,Charlie Spikes,Spikes
Brian Dubois,L,70,165,0,0,Brian Dubois,Dubois
Steve Whitaker,L,72,180,0.23,24,Steve Whitaker,Whitaker
Manny Jimenez,L,73,185,0.272,26,Manny Jimenez,Jimenez
Chris Batton,R,76,195,0,0,Chris Batton,Batton
Duffy Dyer,R,72,187,0.221,30,Duffy Dyer,Dyer
Ken Henderson,B,74,180,0.257,122,Ken Henderson,Henderson
Vance Lovelace,L,77,205,0,0,Vance Lovelace,Lovelace
Greg Thayer,R,71,182,0,0,Greg Thayer,Thayer
Vern Fuller,R,73,170,0.232,14,Vern Fuller,Fuller
Paul Hartzell,R,77,200,0,0,Paul Hartzell,Hartzell
Wayne Gross,L,74,210,0.233,121,Wayne Gross,Gross
Mike Champion,R,72,185,0.229,2,Mike Champion,Champion
Ralph Botting,L,72,195,0,0,Ralph Botting,Botting
Paul Casanova,R,76,180,0.225,50,Paul Casanova,Casanova
Steve Rogers,R,74,175,0.138,0,Steve Rogers,Rogers
Keith Creel,R,74,180,0,0,Keith Creel,Creel
Terry Crowley,L,72,180,0.25,42,Terry Crowley,Crowley
Horace Clarke,B,69,170,0.256,27,Horace Clarke,Clarke
Lou Clinton,R,73,185,0.247,65,Lou Clinton,Clinton
Larry Cox,R,70,178,0.221,12,Larry Cox,Cox
Nate Colbert,R,74,190,0.243,173,Nate Colbert,Colbert
Phil Roof,R,74,190,0.215,43,Phil Roof,Roof
Chuck Hinton,R,73,180,0.264,113,Chuck Hinton,Hinton
Tim Cullen,R,73,185,0.22,9,Tim Cullen,Cullen
Tim Harkness,L,74,182,0.235,14,Tim Harkness,Harkness
Rick Bosetti,R,71,185,0.25,17,Rick Bosetti,Bosetti
Ron Pruitt,R,72,185,0.269,12,Ron Pruitt,Pruitt
George Foster,R,73,180,0.274,348,George Foster,Foster
Jerry White,B,70,164,0.253,21,Jerry White,White
Angel Mangual,R,70,178,0.245,22,Angel Mangual,Mangual
Ken Gerhart,R,72,190,0.221,24,Ken Gerhart,Gerhart
Mike Hershberger,R,70,175,0.252,26,Mike Hershberger,Hershberger
Jim French,L,68,180,0.196,5,Jim French,French
Dave Roberts,L,75,195,0.194,7,Dave Roberts2,Roberts
Jim Mason,L,74,185,0.203,12,Jim Mason,Mason
Mike Smith,R,75,180,0,0,Mike Smith,Smith
Willie Smith,L,72,182,0.248,46,Willie Smith,Smith
T.R. Bryden,R,76,190,0,0,T.R. Bryden,Bryden
Jose Arcia,R,75,170,0.215,1,Jose Arcia,Arcia
Leon Durham,L,73,185,0.277,147,Leon Durham,Durham
Tom Makowski,R,71,185,0,0,Tom Makowski,Makowski
Paul Householder,B,72,180,0.236,29,Paul Householder,Householder
Aurelio Rodriguez,R,70,180,0.237,124,Aurelio Rodriguez,Rodriguez
Jimmy Stewart,B,72,165,0.237,8,Jimmy Stewart,Stewart
Dick Phillips,L,72,180,0.229,12,Dick Phillips,Phillips
Andres Thomas,R,73,170,0.234,42,Andres Thomas,Thomas
Ed Crosby,L,74,175,0.22,0,Ed Crosby,Crosby
Mike de la Hoz,R,71,175,0.251,25,Mike de la Hoz,Hoz
Frank Taveras,R,72,155,0.255,2,Frank Taveras,Taveras
Joe Nossek,R,72,178,0.228,3,Joe Nossek,Nossek
Larry Stahl,L,72,175,0.232,36,Larry Stahl,Stahl
Jose Cruz,L,72,170,0.284,165,Jose Cruz,Cruz
Don Mason,L,71,160,0.205,3,Don Mason,Mason
Bill Robinson,R,74,189,0.258,166,Bill Robinson,Robinson
Jim Umbarger,L,78,200,0,0,Jim Umbarger,Umbarger
Sal Bando,R,72,195,0.254,242,Sal Bando,Bando
George Mitterwald,R,74,195,0.236,76,George Mitterwald,Mitterwald
Mike Darr,R,76,190,0,0,Mike Darr,Darr
Craig Robinson,R,70,165,0.219,0,Craig Robinson,Robinson
Bob Tillman,R,76,205,0.232,79,Bob Tillman,Tillman
Curt Wardle,L,77,220,0,0,Curt Wardle,Wardle
Pat Corrales,R,72,180,0.216,4,Pat Corrales,Corrales
Mike Tyson,R,69,170,0.241,27,Mike Tyson,Tyson
Rafael Landestoy,B,70,165,0.237,4,Rafael Landestoy,Landestoy
Duane Josephson,R,72,190,0.258,23,Duane Josephson,Josephson
Duane Walker,L,72,185,0.229,24,Duane Walker,Walker
Glenn Hubbard,R,69,150,0.244,70,Glenn Hubbard,Hubbard
Roger Freed,R,72,190,0.245,22,Roger Freed,Freed
George Hendrick,R,75,195,0.278,267,George Hendrick,Hendrick
Rod Carew,L,72,170,0.328,92,Rod Carew,Carew
Bob Davis,R,72,180,0.197,6,Bob Davis,Davis
Toby Harrah,R,72,175,0.264,195,Toby Harrah,Harrah
Rick Manning,L,73,180,0.257,56,Rick Manning,Manning
Israel Sanchez,L,69,170,0,0,Israel Sanchez,Sanchez
Steve Burke,B,74,200,0,0,Steve Burke,Burke
Gary Matthews,R,74,185,0.281,234,Gary Matthews,Matthews
Cesar Geronimo,L,72,165,0.258,51,Cesar Geronimo,Geronimo
Billy Bryan,L,76,200,0.216,41,Billy Bryan,Bryan
Terry Taylor,R,73,180,0,0,Terry Taylor,Taylor
Terry Whitfield,L,73,197,0.281,33,Terry Whitfield,Whitfield
Mario Mendoza,R,71,170,0.215,4,Mario Mendoza,Mendoza
Fred Lynn,L,73,185,0.283,306,Fred Lynn,Lynn
Larry Hisle,R,74,193,0.273,166,Larry Hisle,Hisle
Graig Nettles,L,72,180,0.248,390,Graig Nettles,Nettles
Randy Nosek,R,76,215,0,0,Randy Nosek,Nosek
Dave Engle,R,75,210,0.262,31,Dave Engle,Engle
Narciso Elvira,L,70,160,0,0,Narciso Elvira,Elvira
Mike Easler,L,72,190,0.293,118,Mike Easler,Easler
Mark Smith,R,74,215,0,0,Mark Smith,Smith
Paul Mitchell,R,73,195,0,0,Paul Mitchell,Mitchell
Rick Sweet,B,73,200,0.234,6,Rick Sweet,Sweet
Thurman Munson,R,71,190,0.292,113,Thurman Munson,Munson
Rick Monday,L,75,193,0.264,241,Rick Monday,Monday
Mike Sadek,R,69,165,0.226,5,Mike Sadek,Sadek
Mark Belanger,R,73,170,0.228,20,Mark Belanger,Belanger
Ron Hunt,R,72,186,0.273,39,Ron Hunt,Hunt
Joe Keough,L,72,185,0.246,9,Joe Keough,Keough
Butch Edge,R,75,203,0,0,Butch Edge,Edge
Vic Correll,R,70,185,0.229,29,Vic Correll,Correll
Jackie Hernandez,R,71,165,0.208,12,Jackie Hernandez,Hernandez
Tony Solaita,L,72,210,0.255,50,Tony Solaita,Solaita
U L Washington,B,71,175,0.251,27,U L Washington,Washington
Gary Mielke,R,75,185,0,0,Gary Mielke,Mielke
Rick Henninger,R,78,225,0,0,Rick Henninger,Henninger
Joe Foy,R,72,215,0.248,58,Joe Foy,Foy
Ed Goodson,L,75,180,0.26,30,Ed Goodson,Goodson
Mark Brown,B,74,190,0,0,Mark Brown,Brown
Mickey Klutts,R,71,170,0.241,14,Mickey Klutts,Klutts
Leroy Stanton,R,73,195,0.244,77,Leroy Stanton,Stanton
Rafael Vasquez,R,72,160,0,0,Rafael Vasquez,Vasquez
Len Whitehouse,L,71,175,0,0,Len Whitehouse,Whitehouse
Danny Ainge,R,76,175,0.22,2,Danny Ainge,Ainge
Adolfo Phillips,R,73,175,0.247,59,Adolfo Phillips,Phillips
Marv Breeding,R,72,175,0.25,7,Marv Breeding,Breeding
Steve Adkins,R,78,210,0,0,Steve Adkins,Adkins
Dick McAuliffe,L,71,176,0.247,197,Dick McAuliffe,McAuliffe
Joe Horlen,R,72,170,0.134,0,Joe Horlen,Horlen
Glenn Burke,R,72,195,0.237,2,Glenn Burke,Burke
Tony Mack,R,70,177,0,0,Tony Mack,Mack
Terry Humphrey,R,75,185,0.211,6,Terry Humphrey,Humphrey
Bill Moran,R,76,210,0,0,Bill Moran,Moran
Enzo Hernandez,R,68,155,0.224,2,Enzo Hernandez,Hernandez
Cesar Gutierrez,R,69,155,0.235,0,Cesar Gutierrez,Gutierrez
Coco Laboy,R,70,165,0.233,28,Coco Laboy,Laboy
Ted Kubiak,B,72,175,0.231,13,Ted Kubiak,Kubiak
Jim Morrison,R,71,175,0.26,112,Jim Morrison,Morrison
Tom Gilles,R,73,185,0,0,Tom Gilles,Gilles
Bobby Knoop,R,73,170,0.236,56,Bobby Knoop,Knoop
Bobby Brown,B,74,190,0.245,26,Bobby Brown,Brown
Tom Hutton,L,71,180,0.248,22,Tom Hutton,Hutton
Ron Hodges,L,73,185,0.24,19,Ron Hodges,Hodges
Rich Chiles,L,71,170,0.254,6,Rich Chiles,Chiles
Tom Paciorek,R,76,215,0.282,86,Tom Paciorek,Paciorek
Gary Woods,R,74,185,0.243,13,Gary Woods,Woods
Bob Montgomery,R,73,195,0.258,23,Bob Montgomery,Montgomery
Jeff Burroughs,R,73,200,0.261,240,Jeff Burroughs,Burroughs
Rusty Staub,L,74,190,0.279,292,Rusty Staub,Staub
Jim Norris,L,70,175,0.264,7,Jim Norris,Norris
Oscar Gamble,L,71,160,0.265,200,Oscar Gamble,Gamble
Bob Kammeyer,R,76,210,0,0,Bob Kammeyer,Kammeyer
George Vukovich,L,72,198,0.268,27,George Vukovich,Vukovich
Joe Pactwa,L,71,185,0,0,Joe Pactwa,Pactwa
Craig Reynolds,L,73,175,0.256,42,Craig Reynolds,Reynolds
Paul Blair,R,72,168,0.25,134,Paul Blair,Blair
Al Cowens,R,73,197,0.27,108,Al Cowens,Cowens
Al Oliver,L,72,195,0.303,219,Al Oliver,Oliver
Dave Hilton,R,71,191,0.213,6,Dave Hilton,Hilton
Luis Alvarado,R,69,162,0.214,5,Luis Alvarado,Alvarado
Larry Parrish,R,75,190,0.263,256,Larry Parrish,Parrish
Woodie Fryman,R,75,197,0.138,2,Woodie Fryman,Fryman
Bob Randall,R,74,175,0.257,1,Bob Randall,Randall
Jim Pankovits,R,70,170,0.25,9,Jim Pankovits,Pankovits
Sherman Corbett,L,76,205,0,0,Sherman Corbett,Corbett
Carmen Fanzone,R,72,200,0.224,20,Carmen Fanzone,Fanzone
Gary Allenson,R,71,185,0.221,19,Gary Allenson,Allenson
Milt May,L,72,190,0.263,77,Milt May,May
Mike Vail,R,73,180,0.279,34,Mike Vail,Vail
Nick Esasky,R,75,200,0.25,122,Nick Esasky,Esasky
Jim Nettles,L,72,186,0.22,16,Jim Nettles,Nettles
Lafayette Currence,B,71,175,0,0,Lafayette Currence,Currence
Chris Cannizzaro,R,72,190,0.235,18,Chris Cannizzaro,Cannizzaro
Larry Biittner,L,74,205,0.273,29,Larry Biittner,Biittner
John Pawlowski,R,74,175,0,0,John Pawlowski,Pawlowski
Mel Stottlemyre,R,73,178,0.16,7,Mel Stottlemyre1,Stottlemyre
Jack Hardy,R,74,175,0,0,Jack Hardy,Hardy
Ron Musselman,R,74,185,0,0,Ron Musselman,Musselman
Roy Smalley,B,73,185,0.257,163,Roy Smalley,Smalley
Tony Chevez,R,71,177,0,0,Tony Chevez,Chevez
Andy Messersmith,R,73,200,0.17,5,Andy Messersmith,Messersmith
Richie Zisk,R,73,200,0.287,207,Richie Zisk,Zisk
Dave Chalk,R,70,175,0.252,15,Dave Chalk,Chalk
Don Baylor,R,73,190,0.26,338,Don Baylor,Baylor
John Vukovich,R,73,187,0.161,6,John Vukovich,Vukovich
Danny Thompson,R,72,183,0.248,15,Danny Thompson,Thompson
Joe Simpson,L,75,175,0.242,9,Joe Simpson,Simpson
Bill Fahey,L,72,200,0.241,7,Bill Fahey,Fahey
Doug Camilli,R,71,195,0.199,18,Doug Camilli,Camilli
Bernie Allen,L,72,175,0.239,73,Bernie Allen,Allen
Bruce Bochy,R,75,205,0.239,26,Bruce Bochy,Bochy
Gary Ignasiak,R,71,185,0,0,Gary Ignasiak,Ignasiak
Claudell Washington,L,72,190,0.278,164,Claudell Washington,Washington
John Donaldson,L,71,160,0.238,4,John Donaldson,Donaldson
Mike Smithson,L,80,215,0,0,Mike Smithson,Smithson
John Mayberry,L,75,215,0.253,255,John Mayberry,Mayberry
Ken Reitz,R,72,180,0.26,68,Ken Reitz,Reitz
Amos Otis,R,71,165,0.277,193,Amos Otis,Otis
Gene Alley,R,70,160,0.254,55,Gene Alley,Alley
Ted Sizemore,R,70,165,0.262,23,Ted Sizemore,Sizemore
Dan Briggs,L,72,180,0.195,12,Dan Briggs,Briggs
Joe Skalski,R,75,190,0,0,Joe Skalski,Skalski
Doug Flynn,R,71,165,0.238,7,Doug Flynn,Flynn
Bert Bradley,B,73,190,0,0,Bert Bradley,Bradley
Ken Holtzman,R,74,175,0.163,2,Ken Holtzman,Holtzman
Pete Ward,L,73,185,0.254,98,Pete Ward,Ward
Kevin Bell,R,72,195,0.222,13,Kevin Bell,Bell
Tom Nieto,R,73,193,0.205,5,Tom Nieto,Nieto
Duke Sims,L,74,197,0.239,100,Duke Sims,Sims
Larvell Blanks,R,68,167,0.253,20,Larvell Blanks,Blanks
Francisco Barrios,R,71,155,0,0,Francisco Barrios,Barrios
Mike Davis,L,74,175,0.259,91,Mike Davis,Davis
Jerry Reuss,L,77,200,0.167,1,Jerry Reuss,Reuss
Steve Yeager,R,72,190,0.228,102,Steve Yeager,Yeager
Danny Goodwin,L,73,195,0.236,13,Danny Goodwin,Goodwin
Bud Harrelson,B,71,160,0.236,7,Bud Harrelson,Harrelson
Bob Knepper,L,75,195,0.137,6,Bob Knepper,Knepper
Mickey Rivers,L,70,165,0.295,61,Mickey Rivers,Rivers
Jim Northrup,L,75,190,0.267,153,Jim Northrup,Northrup
John Hale,L,74,195,0.201,14,John Hale,Hale
Reggie Ritter,L,74,195,0,0,Reggie Ritter,Ritter
Pedro Garcia,R,70,175,0.22,37,Pedro Garcia,Garcia
Carl Yastrzemski,L,71,175,0.285,452,Carl Yastrzemski,Yastrzemski
Bob Babcock,R,77,210,0,0,Bob Babcock,Babcock
Craig Eaton,R,71,175,0,0,Craig Eaton,Eaton
Derrel Thomas,B,72,160,0.249,43,Derrel Thomas,Thomas
Art Howe,R,74,190,0.26,43,Art Howe,Howe
Ike Brown,R,72,190,0.256,20,Ike Brown,Brown
Howie Goss,R,76,204,0.216,11,Howie Goss,Goss
Glenn Borgmann,R,76,210,0.229,16,Glenn Borgmann,Borgmann
Lamar Johnson,R,74,215,0.287,64,Lamar Johnson,Johnson
Julio Gonzalez,R,71,162,0.235,4,Julio Gonzalez,Gonzalez
Bobby Klaus,R,70,170,0.208,6,Bobby Klaus,Klaus
Manny Sanguillen,R,72,193,0.296,65,Manny Sanguillen,Sanguillen
Gates Brown,L,71,220,0.257,84,Gates Brown,Brown
Johnny Ray,B,71,170,0.29,53,Johnny Ray,Ray
Jesus Alou,R,74,190,0.28,32,Jesus Alou,Alou
Ken Landreaux,L,70,165,0.268,91,Ken Landreaux,Landreaux
Enos Cabell,R,76,170,0.277,60,Enos Cabell,Cabell
Roy Branch,R,72,175,0,0,Roy Branch,Branch
Billy North,B,71,185,0.261,20,Billy North,North
Juan Beniquez,R,71,150,0.274,79,Juan Beniquez,Beniquez
Frank Fernandez,R,72,185,0.199,39,Frank Fernandez,Fernandez
Bombo Rivera,R,70,187,0.265,10,Bombo Rivera,Rivera
Steve Brye,R,72,190,0.258,30,Steve Brye,Brye
Ron Jackson,R,72,200,0.259,56,Ron Jackson,Jackson
Roger Metzger,B,72,165,0.231,5,Roger Metzger,Metzger
Rufino Linares,R,72,170,0.27,11,Rufino Linares,Linares
Ray Webster,L,72,185,0.244,17,Ray Webster,Webster
Bob Kearney,R,72,190,0.233,27,Bob Kearney,Kearney
Fergie Jenkins,R,77,205,0.165,13,Fergie Jenkins,Jenkins
Dick Dietz,R,73,195,0.261,66,Dick Dietz,Dietz
Ted Cox,R,75,195,0.245,10,Ted Cox,Cox
Bobby Mitchell,L,70,170,0.243,3,Bobby Mitchell1,Mitchell
Bobby Mitchell,R,75,185,0.235,21,Bobby Mitchell2,Mitchell
Barry Evans,R,73,180,0.251,2,Barry Evans,Evans
Mickey Brantley,R,70,180,0.259,32,Mickey Brantley,Brantley
Al Gallagher,R,72,180,0.263,11,Al Gallagher,Gallagher
Rob Woodward,R,75,185,0,0,Rob Woodward,Woodward
Hector Cruz,R,71,170,0.225,39,Hector Cruz,Cruz
Fred Norman,B,68,155,0.125,0,Fred Norman,Norman
Woody Woodward,R,74,180,0.236,1,Woody Woodward,Woodward
Ted Martinez,R,72,165,0.24,7,Ted Martinez,Martinez
Jim Anderson,R,72,170,0.218,13,Jim Anderson,Anderson
Lenn Sakata,R,69,160,0.23,25,Lenn Sakata,Sakata
Dave Duncan,R,74,190,0.214,109,Dave Duncan,Duncan
Randy Jones,R,72,178,0.132,0,Randy Jones,Jones
Dick Billings,R,73,195,0.227,16,Dick Billings,Billings
Bob Veselic,R,72,175,0,0,Bob Veselic,Veselic
Bruce Bochte,L,75,195,0.282,100,Bruce Bochte,Bochte
Bernie Carbo,L,71,173,0.264,96,Bernie Carbo,Carbo
Vic Davalillo,L,67,150,0.279,36,Vic Davalillo,Davalillo
Burt Hooton,R,73,210,0.123,4,Burt Hooton,Hooton
Chuck Hockenbery,B,73,195,0,0,Chuck Hockenbery,Hockenbery
Bob Ferris,R,78,225,0,0,Bob Ferris,Ferris
Fernando Gonzalez,R,70,165,0.235,17,Fernando Gonzalez,Gonzalez
Jim Sundberg,R,72,190,0.248,95,Jim Sundberg,Sundberg
Andy Kosco,R,75,205,0.236,73,Andy Kosco,Kosco
Steve Huntz,B,73,204,0.206,16,Steve Huntz,Huntz
Gary Wheelock,R,75,205,0,0,Gary Wheelock,Wheelock
Lenny Faedo,R,72,170,0.251,5,Lenny Faedo,Faedo
John Lowenstein,L,72,175,0.253,116,John Lowenstein,Lowenstein
Don Kessinger,B,73,170,0.252,14,Don Kessinger,Kessinger
Joe Hague,L,72,195,0.239,40,Joe Hague,Hague
Bake McBride,L,74,190,0.299,63,Bake McBride,McBride
Dick Davis,R,75,190,0.265,27,Dick Davis,Davis
Richie Scheinblum,B,73,180,0.263,13,Richie Scheinblum,Scheinblum
Ed Herrmann,L,73,195,0.24,80,Ed Herrmann,Herrmann
Mike Rochford,L,76,205,0,0,Mike Rochford,Rochford
Jeff Schneider,B,75,195,0,0,Jeff Schneider,Schneider
Bob Molinaro,L,72,190,0.264,14,Bob Molinaro,Molinaro
Mike Hegan,L,73,188,0.242,53,Mike Hegan,Hegan
Mike Diaz,R,74,195,0.247,31,Mike Diaz,Diaz
Tim Foli,R,72,179,0.251,25,Tim Foli,Foli
Alan Knicely,R,72,190,0.213,12,Alan Knicely,Knicely
Tim Laudner,R,75,212,0.225,77,Tim Laudner,Laudner
Jose Morales,R,71,187,0.287,26,Jose Morales,Morales
Luis Encarnacion,R,70,178,0,0,Luis Encarnacion,Encarnacion
Rick Kreuger,R,74,185,0,0,Rick Kreuger,Kreuger
Juan Marichal,R,72,185,0.165,4,Juan Marichal,Marichal
Vida Blue,B,72,189,0.104,4,Vida Blue,Blue
Angel Moreno,L,69,165,0,0,Angel Moreno,Moreno
Roger Weaver,R,75,190,0,0,Roger Weaver,Weaver
Stan Papi,R,72,170,0.218,7,Stan Papi,Papi
Rob Wilfong,L,73,180,0.248,39,Rob Wilfong,Wilfong
Chris Knapp,R,77,195,0,0,Chris Knapp,Knapp
Steve Henderson,R,74,190,0.28,68,Steve Henderson,Henderson
Rob Picciolo,R,74,185,0.234,17,Rob Picciolo,Picciolo
Don Welchel,R,76,205,0,0,Don Welchel,Welchel
Randy Wiles,L,73,185,0,0,Randy Wiles,Wiles
Roberto Pena,R,68,170,0.245,13,Roberto Pena,Pena
Bob Dernier,R,72,160,0.255,23,Bob Dernier,Dernier
Bill Melton,R,74,200,0.253,160,Bill Melton,Melton
Albert Hall,B,71,155,0.251,5,Albert Hall,Hall
Barbaro Garbey,R,70,170,0.267,11,Barbaro Garbey,Garbey
John Milner,L,72,185,0.249,131,John Milner,Milner
Rich Reese,L,75,185,0.253,52,Rich Reese,Reese
Chris Bando,B,72,195,0.227,27,Chris Bando,Bando
Bill Buckner,L,72,185,0.289,174,Bill Buckner,Buckner
Jack Hiatt,R,74,190,0.251,22,Jack Hiatt,Hiatt
Nelson Mathews,R,76,195,0.223,22,Nelson Mathews,Mathews
Larry Lintz,B,69,150,0.227,0,Larry Lintz,Lintz
Ron Theobald,R,68,165,0.248,2,Ron Theobald,Theobald
Dewey Robinson,R,72,180,0,0,Dewey Robinson,Robinson
Rafael Santana,R,73,165,0.246,13,Rafael Santana,Santana
Jerry Hairston,B,70,170,0.258,30,Jerry Hairston,Hairston
Tony Arnold,R,71,170,0,0,Tony Arnold,Arnold
Jeff Schattinger,L,77,200,0,0,Jeff Schattinger,Schattinger
Ike Brookens,R,77,170,0,0,Ike Brookens,Brookens
Tommie Aaron,R,75,190,0.229,13,Tommie Aaron,Aaron
Steve Dillard,R,73,180,0.243,13,Steve Dillard,Dillard
Win Remmerswaal,R,74,160,0,0,Win Remmerswaal,Remmerswaal
Jeff Peterek,R,74,195,0,0,Jeff Peterek,Peterek
George Scott,R,74,200,0.268,271,George Scott,Scott
Jeff Shaver,R,75,195,0,0,Jeff Shaver,Shaver
Ken Walters,R,73,180,0.231,11,Ken Walters,Walters
Gorman Thomas,R,74,210,0.225,268,Gorman Thomas,Thomas
Paul Dade,R,73,185,0.27,10,Paul Dade,Dade
Darrell Porter,L,72,193,0.247,188,Darrell Porter,Porter
Tim Johnson,L,73,170,0.223,0,Tim Johnson,Johnson
Fred Stanley,R,70,165,0.216,10,Fred Stanley,Stanley
Larry Bowa,B,70,155,0.26,15,Larry Bowa,Bowa
Tim Corcoran,L,71,175,0.27,12,Tim Corcoran,Corcoran
Jim Spencer,L,74,195,0.25,146,Jim Spencer,Spencer
Pete LaCock,L,74,200,0.257,27,Pete LaCock,LaCock
Carl Morton,R,72,200,0.156,7,Carl Morton,Morton
Gary Gray,R,72,187,0.24,24,Gary Gray,Gray
Matty Alou,L,69,160,0.307,31,Matty Alou,Alou
Pete Filson,B,74,195,0,0,Pete Filson,Filson
Jim Dwyer,L,70,165,0.26,77,Jim Dwyer,Dwyer
Dalton Jones,L,73,180,0.235,41,Dalton Jones,Jones
Rennie Stennett,R,71,160,0.274,41,Rennie Stennett,Stennett
Jim Gideon,R,75,190,0,0,Jim Gideon,Gideon
Jerry May,R,74,190,0.234,15,Jerry May,May
Rich McKinney,R,71,185,0.225,20,Rich McKinney,McKinney
Clint Hurdle,L,75,195,0.259,32,Clint Hurdle,Hurdle
Mike Andrews,R,75,195,0.258,66,Mike Andrews,Andrews
Bobby Clark,R,72,190,0.239,19,Bobby Clark,Clark
Jeff Twitty,L,74,185,0,0,Jeff Twitty,Twitty
Cliff Johnson,R,76,215,0.258,196,Cliff Johnson,Johnson
Steve Cummings,B,74,200,0,0,Steve Cummings,Cummings
Donn Clendenon,R,76,209,0.274,159,Donn Clendenon,Clendenon
Charlie James,R,73,195,0.255,29,Charlie James,James
Bob Horner,R,73,195,0.277,218,Bob Horner,Horner
Tom Veryzer,R,73,175,0.241,14,Tom Veryzer,Veryzer
Jose Cecena,R,71,180,0,0,Jose Cecena,Cecena
George Smith,R,70,170,0.205,9,George Smith,Smith
Jim Essian,R,74,195,0.244,33,Jim Essian,Essian
Onix Concepcion,R,66,160,0.239,3,Onix Concepcion,Concepcion
Boots Day,L,69,160,0.256,8,Boots Day,Day
Brian Giles,R,73,165,0.228,10,Brian Giles,Giles
Garry Maddox,R,75,175,0.285,117,Garry Maddox,Maddox
Alex Trevino,R,70,165,0.249,23,Alex Trevino,Trevino
Jim Price,R,72,192,0.214,18,Jim Price,Price
Felix Millan,R,71,172,0.279,22,Felix Millan,Millan
Steve Garvey,R,70,192,0.294,272,Steve Garvey,Garvey
Don Mincher,L,75,205,0.249,200,Don Mincher,Mincher
Greg Erardi,R,73,190,0,0,Greg Erardi,Erardi
Jim Farr,R,73,195,0,0,Jim Farr,Farr
Tony Cloninger,R,72,210,0.192,11,Tony Cloninger,Cloninger
Jim Gosger,L,71,185,0.226,30,Jim Gosger,Gosger
Chuck Harrison,R,70,185,0.238,17,Chuck Harrison,Harrison
Mike Ivie,R,75,205,0.269,81,Mike Ivie,Ivie
Frank Dimichele,R,75,205,0,0,Frank Dimichele,Dimichele
Bob Veale,B,78,212,0.114,0,Bob Veale,Veale
Marvell Wynne,L,71,175,0.247,40,Marvell Wynne,Wynne
Dusty Baker,R,74,183,0.278,242,Dusty Baker,Baker
Tucker Ashford,R,73,195,0.218,6,Tucker Ashford,Ashford
Ned Yost,R,73,190,0.212,16,Ned Yost,Yost
Bob Stinson,B,71,180,0.25,33,Bob Stinson,Stinson
Mike Warren,R,73,175,0,0,Mike Warren,Warren
Gaylord Perry,R,76,205,0.131,6,Gaylord Perry,Perry
Dave Marshall,L,73,182,0.246,16,Dave Marshall,Marshall
Mickey Hatcher,R,74,200,0.28,38,Mickey Hatcher,Hatcher
Roger Repoz,L,75,190,0.224,82,Roger Repoz,Repoz
Bill Fulton,R,75,195,0,0,Bill Fulton,Fulton
John Orsino,R,75,215,0.249,40,John Orsino,Orsino
Larry Anderson,R,75,190,0,0,Larry Anderson,Anderson
Johnny Briggs,L,73,190,0.253,139,Johnny Briggs,Briggs
Craig Mitchell,R,75,180,0,0,Craig Mitchell,Mitchell
Dave Hostetler,R,76,215,0.229,37,Dave Hostetler,Hostetler
Bob Jones,L,74,195,0.221,20,Bob Jones,Jones
Keith Hernandez,L,72,180,0.296,162,Keith Hernandez,Hernandez
Alfredo Martinez,R,75,185,0,0,Alfredo Martinez,Martinez
Dean Chance,R,75,200,0.066,0,Dean Chance,Chance
Willie Upshaw,L,72,185,0.262,123,Willie Upshaw,Upshaw
Dick Green,R,70,180,0.24,80,Dick Green,Green
Dane Iorg,L,72,180,0.276,14,Dane Iorg,Iorg
Richie Hebner,L,73,195,0.276,203,Richie Hebner,Hebner
Fran Healy,R,77,220,0.25,20,Fran Healy,Healy
Doc Edwards,R,74,215,0.238,15,Doc Edwards,Edwards
Sandy Alomar,B,69,140,0.245,13,Sandy Alomar,Alomar
Joe Strain,R,70,169,0.25,1,Joe Strain,Strain
Gene Richards,L,72,175,0.29,26,Gene Richards,Richards
Buddy Bell,R,73,180,0.279,201,Buddy Bell,Bell
Al Woods,L,75,190,0.271,35,Al Woods,Woods
Rudy Law,L,73,165,0.271,18,Rudy Law,Law
Joel Davis,L,77,205,0,0,Joel Davis,Davis
Jody Davis,R,76,192,0.245,127,Jody Davis,Davis
Mike Edwards,R,70,154,0.25,2,Mike Edwards,Edwards
Bill Mooneyham,R,72,175,0,0,Bill Mooneyham,Mooneyham
John Hobbs,R,75,190,0,0,John Hobbs,Hobbs
Deron Johnson,R,74,200,0.244,245,Deron Johnson,Johnson
John Denny,R,75,185,0.17,0,John Denny,Denny
Don Wert,R,70,162,0.242,77,Don Wert,Wert
Mike Fiore,L,72,175,0.227,13,Mike Fiore,Fiore
Miguel Dilone,B,72,160,0.265,6,Miguel Dilone,Dilone
Greg Luzinski,R,73,220,0.276,307,Greg Luzinski,Luzinski
Bobby Tolan,L,71,170,0.265,86,Bobby Tolan,Tolan
Karl Best,R,76,190,0,0,Karl Best,Best
Steve Barr,L,76,200,0,0,Steve Barr,Barr
Ron Woods,R,70,168,0.233,26,Ron Woods,Woods
Tony Horton,R,75,210,0.268,76,Tony Horton,Horton
Randy Hundley,R,71,170,0.236,82,Randy Hundley,Hundley
Jose Tartabull,L,71,165,0.261,2,Jose Tartabull,Tartabull
Ben Oglivie,L,74,160,0.273,235,Ben Oglivie,Oglivie
Luis Sanchez,R,74,170,0,0,Luis Sanchez,Sanchez
Bob Johnson,R,70,175,0.272,44,Bob Johnson,Johnson
Don Buford,B,67,160,0.264,93,Don Buford,Buford
Duane Kuiper,L,72,175,0.271,1,Duane Kuiper,Kuiper
Brant Alyea,R,75,215,0.247,38,Brant Alyea,Alyea
Jerry Narron,L,75,205,0.211,21,Jerry Narron,Narron
Lou Johnson,R,71,170,0.258,48,Lou Johnson,Johnson
Ken Retzer,L,72,185,0.264,14,Ken Retzer,Retzer
Mike Brown,R,74,195,0.265,23,Mike Brown1,Brown
Mike Brown,R,74,195,0,0,Mike Brown2,Brown
Greg Walker,L,75,205,0.26,113,Greg Walker,Walker
Terry Harper,R,76,195,0.253,36,Terry Harper,Harper
Jerry Royster,R,72,165,0.249,40,Jerry Royster,Royster
Steve Davis,L,73,195,0,0,Steve Davis,Davis
Jeff Rineer,L,76,205,0,0,Jeff Rineer,Rineer
Barry Bonnell,R,75,190,0.272,56,Barry Bonnell,Bonnell
Tom Seaver,R,73,195,0.154,12,Tom Seaver,Seaver
Jerry Martin,R,73,195,0.251,85,Jerry Martin,Martin
Bill Stein,R,70,170,0.267,44,Bill Stein,Stein
Joel Youngblood,R,72,180,0.265,80,Joel Youngblood,Youngblood
Reggie Jackson,L,72,195,0.262,563,Reggie Jackson,Jackson
Sonny Jackson,L,69,150,0.251,7,Sonny Jackson,Jackson
Mark Mercer,L,77,220,0,0,Mark Mercer,Mercer
Rodney Scott,B,72,160,0.236,3,Rodney Scott,Scott
Rich Coggins,L,68,170,0.265,12,Rich Coggins,Coggins
Phil Gagliano,R,73,180,0.238,14,Phil Gagliano,Gagliano
Jerry McNertney,R,72,180,0.237,27,Jerry McNertney,McNertney
Mitchell Page,L,74,205,0.266,72,Mitchell Page,Page
Kiko Garcia,R,71,180,0.239,12,Kiko Garcia,Garcia
Larry Milbourne,B,72,161,0.254,11,Larry Milbourne,Milbourne
Bill Sudakis,B,73,190,0.234,59,Bill Sudakis,Sudakis
John Caneira,R,75,180,0,0,John Caneira,Caneira
Domingo Ramos,R,70,154,0.24,8,Domingo Ramos,Ramos
Ron Oester,B,74,185,0.265,42,Ron Oester,Oester
Glenn Adams,L,73,180,0.28,34,Glenn Adams,Adams
Clint Zavaras,R,73,175,0,0,Clint Zavaras,Zavaras
Joe Morgan,L,67,160,0.271,268,Joe Morgan,Morgan
R.J. Reynolds,B,72,190,0.267,35,R.J. Reynolds,Reynolds
Mike Parrott,R,76,210,0,0,Mike Parrott,Parrott
Lee Thomas,L,74,195,0.255,106,Lee Thomas,Thomas
Ray Fosse,R,74,215,0.256,61,Ray Fosse,Fosse
Paul Popovich,B,72,175,0.233,14,Paul Popovich,Popovich
John Stephenson,L,71,180,0.216,12,John Stephenson,Stephenson
Doug Clemens,L,72,180,0.229,12,Doug Clemens,Clemens
Luis Aponte,R,72,185,0,0,Luis Aponte,Aponte
Orlando Mercado,R,72,180,0.199,7,Orlando Mercado,Mercado
Charley Smith,R,73,170,0.239,69,Charley Smith,Smith
Paul Boris,R,74,200,0,0,Paul Boris,Boris
Buddy Biancalana,B,71,160,0.205,6,Buddy Biancalana,Biancalana
De Wayne Buice,R,72,170,0,0,De Wayne Buice,Buice
Bob Uecker,R,73,190,0.2,14,Bob Uecker,Uecker
Felix Torres,R,71,165,0.254,27,Felix Torres,Torres
Steve Braun,L,70,180,0.271,52,Steve Braun,Braun
Ray Knight,R,73,185,0.271,84,Ray Knight,Knight
Ty Cline,L,72,170,0.238,6,Ty Cline,Cline
Thad Bosley,L,75,175,0.272,20,Thad Bosley,Bosley
Bobby Grich,R,74,180,0.266,224,Bobby Grich,Grich
Jimmie Hall,L,72,175,0.254,121,Jimmie Hall,Hall
John Boccabella,R,73,195,0.219,26,John Boccabella,Boccabella
Brock Davis,L,70,160,0.26,1,Brock Davis,Davis
Mark Esser,R,73,190,0,0,Mark Esser,Esser
Curt Blefary,L,74,195,0.237,112,Curt Blefary,Blefary
Daryl Smith,R,76,185,0,0,Daryl Smith,Smith
Dave Smith,R,73,190,0,0,Dave Smith,Smith
Mack Jones,L,73,180,0.252,133,Mack Jones,Jones
Buddy Bradford,R,71,170,0.226,52,Buddy Bradford,Bradford
Hosken Powell,L,73,175,0.259,17,Hosken Powell,Powell
Dave Stapleton,L,73,185,0,0,Dave Stapleton1,Stapleton
Dave Stapleton,R,73,178,0.271,41,Dave Stapleton2,Stapleton
Gary Ward,R,74,195,0.276,130,Gary Ward,Ward
Jim Lonborg,R,77,200,0.136,3,Jim Lonborg,Lonborg
Joe Lis,R,72,175,0.233,32,Joe Lis,Lis
Dan Meyer,L,71,180,0.253,86,Dan Meyer,Meyer
Jim Holt,L,72,180,0.265,19,Jim Holt,Holt
Tom Klawitter,R,74,190,0,0,Tom Klawitter,Klawitter
Larry Herndon,R,75,190,0.274,107,Larry Herndon,Herndon
Gary Christenson,L,77,200,0,0,Gary Christenson,Christenson
Jim Wright,R,77,205,0,0,Jim Wright1,Wright
Jim Wright,R,73,165,0,0,Jim Wright2,Wright
Wallace Johnson,B,72,173,0.255,5,Wallace Johnson,Johnson
Mike Kinnunen,L,73,185,0,0,Mike Kinnunen,Kinnunen
Eddie Leon,R,72,170,0.236,24,Eddie Leon,Leon
Dave Rajsich,L,77,175,0,0,Dave Rajsich,Rajsich
Jim Wohlford,R,71,175,0.26,21,Jim Wohlford,Wohlford
J.R. Richard,R,80,222,0.168,10,J.R. Richard,Richard
Bill Voss,L,74,160,0.227,19,Bill Voss,Voss
Keith Moreland,R,72,190,0.279,121,Keith Moreland,Moreland
Ramon Pena,R,70,155,0,0,Ramon Pena,Pena
Alex Johnson,R,72,205,0.288,78,Alex Johnson,Johnson
Wayne Krenchicki,L,73,180,0.266,15,Wayne Krenchicki,Krenchicki
Chico Escarrega,R,71,185,0,0,Chico Escarrega,Escarrega
Dave Rosello,R,71,160,0.236,10,Dave Rosello,Rosello
Cardell Camper,R,75,208,0,0,Cardell Camper,Camper
Paul Schaal,R,71,165,0.244,57,Paul Schaal,Schaal
Tito Landrum,R,71,175,0.249,13,Tito Landrum,Landrum
Dave Edwards,R,72,170,0.237,14,Dave Edwards,Edwards
Mario Guerrero,R,70,155,0.257,7,Mario Guerrero,Guerrero
Tom Tresh,B,73,180,0.245,153,Tom Tresh,Tresh
Mike Overy,R,74,190,0,0,Mike Overy,Overy
Ron Roenicke,B,72,180,0.238,17,Ron Roenicke,Roenicke
Doug Griffin,R,72,160,0.245,7,Doug Griffin,Griffin
Steve Blass,R,72,165,0.172,1,Steve Blass,Blass
Johnnie LeMaster,R,74,165,0.222,22,Johnnie LeMaster,LeMaster
Craig Chamberlain,R,73,190,0,0,Craig Chamberlain,Chamberlain
Nate Oliver,R,70,160,0.226,2,Nate Oliver,Oliver
Ray Sadecki,L,71,180,0.191,5,Ray Sadecki,Sadecki
Ken Rudolph,R,73,180,0.213,6,Ken Rudolph,Rudolph
Wayne Nordhagen,R,74,205,0.282,39,Wayne Nordhagen,Nordhagen
Biff Pocoroba,B,70,175,0.257,21,Biff Pocoroba,Pocoroba
Len Matuszek,L,74,190,0.234,30,Len Matuszek,Matuszek
Frank Eufemia,R,71,185,0,0,Frank Eufemia,Eufemia
Joe Lefebvre,L,70,170,0.258,31,Joe Lefebvre,Lefebvre
Jim Maloney,L,74,190,0.201,7,Jim Maloney,Maloney
Andre Robertson,R,70,155,0.251,5,Andre Robertson,Robertson
Jerry Zimmerman,R,74,185,0.204,3,Jerry Zimmerman,Zimmerman
Jack Lazorko,R,71,200,0,0,Jack Lazorko,Lazorko
Mike Paxton,R,71,190,0,0,Mike Paxton,Paxton
Chet Lemon,R,72,190,0.273,215,Chet Lemon,Lemon
Rickey Keeton,R,74,190,0,0,Rickey Keeton,Keeton
Phil Mankowski,L,72,180,0.264,8,Phil Mankowski,Mankowski
Cleon Jones,R,72,185,0.281,93,Cleon Jones,Jones
Joaquin Andujar,B,72,170,0.127,5,Joaquin Andujar,Andujar
Mike Lum,L,72,180,0.247,90,Mike Lum,Lum
Johnny Grubb,L,75,175,0.278,99,Johnny Grubb,Grubb
Curt Motton,R,68,164,0.213,25,Curt Motton,Motton
Johnny Bench,R,73,197,0.267,389,Johnny Bench,Bench
Dale Berra,R,72,180,0.236,49,Dale Berra,Berra
Terry Felton,R,73,180,0,0,Terry Felton,Felton
Bob Meacham,B,73,175,0.236,8,Bob Meacham,Meacham
Mark Clear,R,76,200,0,0,Mark Clear,Clear
Carl Warwick,R,70,170,0.248,31,Carl Warwick,Warwick
Sam Bowens,R,73,188,0.223,45,Sam Bowens,Bowens
George Wright,B,71,180,0.245,42,George Wright,Wright
Luis Aguayo,R,69,173,0.236,37,Luis Aguayo,Aguayo
Hal Lanier,R,74,180,0.228,8,Hal Lanier,Lanier
Mike Pazik,L,74,195,0,0,Mike Pazik,Pazik
Len Randle,B,70,169,0.257,27,Len Randle,Randle
Greg Pryor,R,72,180,0.25,14,Greg Pryor,Pryor
Jim Traber,L,72,194,0.227,27,Jim Traber,Traber
Dave Nelson,R,70,160,0.244,20,Dave Nelson,Nelson
Lynn Jones,R,69,175,0.252,7,Lynn Jones,Jones
Bryan Little,B,70,160,0.245,3,Bryan Little,Little
Ken Suarez,R,69,175,0.227,5,Ken Suarez,Suarez
Rick Peters,B,69,170,0.277,2,Rick Peters,Peters
Ron Stone,L,74,185,0.241,6,Ron Stone,Stone
Rich Barnes,R,76,186,0,0,Rich Barnes,Barnes
Tommie Agee,R,71,195,0.255,130,Tommie Agee,Agee
Bob Bailey,R,73,180,0.257,189,Bob Bailey,Bailey
Cap Peterson,R,74,195,0.23,19,Cap Peterson,Peterson
Ted Uhlaender,L,74,190,0.263,36,Ted Uhlaender,Uhlaender
Ted Simmons,B,71,193,0.285,248,Ted Simmons,Simmons
Bobby Murcer,L,71,160,0.277,252,Bobby Murcer,Murcer
Dick Tracewski,R,71,160,0.213,8,Dick Tracewski,Tracewski
Dave Frost,R,78,235,0,0,Dave Frost,Frost
Mark Souza,L,72,180,0,0,Mark Souza,Souza
Bill Nahorodny,R,74,200,0.241,25,Bill Nahorodny,Nahorodny
Bill Madlock,R,71,180,0.305,163,Bill Madlock,Madlock
Bob Boone,R,74,195,0.254,105,Bob Boone,Boone
Rick Jones,L,77,190,0,0,Rick Jones,Jones
Steve Kemp,L,72,195,0.278,130,Steve Kemp,Kemp
Rick Burleson,R,70,165,0.273,50,Rick Burleson,Burleson
Jim Dorsey,R,79,190,0,0,Jim Dorsey,Dorsey
Mark Ciardi,R,72,180,0,0,Mark Ciardi,Ciardi
Dennis Burtt,R,72,180,0,0,Dennis Burtt,Burtt
Carl Taylor,R,74,200,0.266,10,Carl Taylor,Taylor
Terry Harmon,R,74,180,0.233,4,Terry Harmon,Harmon
Mike Hargrove,L,72,195,0.29,80,Mike Hargrove,Hargrove
Rich Yett,R,74,187,0,0,Rich Yett,Yett
Steve Hovley,L,70,188,0.258,8,Steve Hovley,Hovley
Don Leppert,R,74,220,0.229,15,Don Leppert,Leppert
Matt Williams,R,73,200,0,0,Matt Williams,Williams
Jim Burton,R,75,195,0,0,Jim Burton,Burton
Rick Anderson,R,74,210,0,0,Rick Anderson,Anderson
Charlie Mitchell,R,75,170,0,0,Charlie Mitchell,Mitchell
Bill Paschall,R,72,175,0,0,Bill Paschall,Paschall
John Bohnet,B,72,175,0,0,John Bohnet,Bohnet
Byron McLaughlin,R,73,175,0,0,Byron McLaughlin,McLaughlin
Lee May,R,75,195,0.267,354,Lee May,May
Luis Quintana,L,74,175,0,0,Luis Quintana,Quintana
Sam McDowell,L,77,190,0.154,2,Sam McDowell,McDowell
Rick Renick,R,72,188,0.221,20,Rick Renick,Renick
Jeff Torborg,R,72,195,0.214,8,Jeff Torborg,Torborg
Dave Campbell,R,73,180,0.213,20,Dave Campbell,Campbell
Pat Kelly,L,73,185,0.264,76,Pat Kelly,Kelly
Al Weis,B,72,160,0.219,7,Al Weis,Weis
Jerry Turner,L,69,180,0.257,45,Jerry Turner,Turner
Rick Auerbach,R,72,165,0.22,9,Rick Auerbach,Auerbach
Keith Macwhorter,R,76,190,0,0,Keith Macwhorter,Macwhorter
Don Wilson,R,74,195,0.146,1,Don Wilson,Wilson
Jaime Cocanower,R,76,200,0,0,Jaime Cocanower,Cocanower
Jeff Sellers,R,73,175,0,0,Jeff Sellers,Sellers
Sandy Valdespino,L,68,170,0.23,7,Sandy Valdespino,Valdespino
Steve Senteney,R,74,205,0,0,Steve Senteney,Senteney
Howard Bailey,R,72,195,0,0,Howard Bailey,Bailey
Jeff Bettendorf,R,75,180,0,0,Jeff Bettendorf,Bettendorf
Ken Phelps,L,73,209,0.239,123,Ken Phelps,Phelps
Cesar Cedeno,R,74,175,0.285,199,Cesar Cedeno,Cedeno
Bob Davidson,R,72,185,0,0,Bob Davidson,Davidson
Phil Linz,R,73,180,0.235,11,Phil Linz,Linz
Manny Mota,R,70,160,0.304,31,Manny Mota,Mota
Brian Snyder,L,75,185,0,0,Brian Snyder,Snyder
Steve Renko,R,77,230,0.215,6,Steve Renko,Renko
Rick Sofield,L,73,195,0.243,9,Rick Sofield,Sofield
Carlos Velazquez,R,71,180,0,0,Carlos Velazquez,Velazquez
Roger Miller,R,75,200,0,0,Roger Miller,Miller
Doug DeCinces,R,74,190,0.259,237,Doug DeCinces,DeCinces
John Castino,R,71,175,0.278,41,John Castino,Castino
Dave May,L,70,186,0.251,96,Dave May,May
Ron Washington,R,71,155,0.261,20,Ron Washington,Washington
Billy Grabarkewitz,R,70,165,0.236,28,Billy Grabarkewitz,Grabarkewitz
Willie Aikens,L,75,220,0.271,110,Willie Aikens,Aikens
Earl Williams,R,75,215,0.247,138,Earl Williams,Williams
Willie Mueller,R,76,220,0,0,Willie Mueller,Mueller
John Flinn,R,72,175,0,0,John Flinn,Flinn
Don Hahn,R,73,180,0.236,7,Don Hahn,Hahn
Todd Cruz,R,72,175,0.22,34,Todd Cruz,Cruz
Tom Egan,R,76,218,0.2,22,Tom Egan,Egan
Bob Heise,R,72,175,0.247,1,Bob Heise,Heise
Tommy Harper,R,69,165,0.257,146,Tommy Harper,Harper
Joe Wallis,B,71,180,0.244,16,Joe Wallis,Wallis
Max Alvis,R,71,185,0.247,111,Max Alvis,Alvis
Rico Carty,R,75,200,0.299,204,Rico Carty,Carty
Mike Cubbage,L,72,180,0.258,34,Mike Cubbage,Cubbage
Les Straker,R,73,193,0,0,Les Straker,Straker
Merritt Ranew,L,71,170,0.247,8,Merritt Ranew,Ranew
Lyman Bostock,L,73,180,0.311,23,Lyman Bostock,Bostock
Damaso Garcia,R,73,165,0.283,36,Damaso Garcia,Garcia
Don Kainer,R,75,205,0,0,Don Kainer,Kainer
Don Gordon,R,73,175,0,0,Don Gordon,Gordon
Roy Howell,L,73,190,0.261,80,Roy Howell,Howell
Boog Powell,L,76,230,0.266,339,Boog Powell,Powell
Sandy Wihtol,R,73,195,0,0,Sandy Wihtol,Wihtol
Sonny Siebert,R,75,190,0.173,12,Sonny Siebert,Siebert
Jeff Richardson,R,75,185,0,0,Jeff Richardson,Richardson
Bobby Darwin,R,74,190,0.251,83,Bobby Darwin,Darwin
Dennis DeBarr,L,74,190,0,0,Dennis DeBarr,DeBarr
Dan Driessen,L,71,187,0.267,153,Dan Driessen,Driessen
Bruce Miller,R,73,185,0.246,1,Bruce Miller,Miller
Bob Bailor,R,71,170,0.264,9,Bob Bailor,Bailor
Tommy Helms,R,70,165,0.269,34,Tommy Helms,Helms
Tony Armas,R,71,182,0.252,251,Tony Armas,Armas
Willie Horton,R,71,209,0.273,325,Willie Horton,Horton
Lou Piniella,R,72,182,0.291,102,Lou Piniella,Piniella
Butch Hobson,R,73,193,0.248,98,Butch Hobson,Hobson
John Wathan,R,74,205,0.262,21,John Wathan,Wathan
Hal King,L,73,200,0.214,24,Hal King,King
Mike Krukow,R,77,205,0.193,5,Mike Krukow,Krukow
Andres Mora,R,72,180,0.223,27,Andres Mora,Mora
Barry Foote,R,75,205,0.23,57,Barry Foote,Foote
Ed Ott,L,70,190,0.259,33,Ed Ott,Ott
Alan Wiggins,B,74,160,0.259,5,Alan Wiggins,Wiggins
Ron Clark,R,70,175,0.189,5,Ron Clark,Clark
Jay Pettibone,R,76,182,0,0,Jay Pettibone,Pettibone
Glen Cook,R,71,180,0,0,Glen Cook,Cook
Julio Gotay,R,72,180,0.26,6,Julio Gotay,Gotay
Gary Alexander,R,74,195,0.23,55,Gary Alexander,Alexander
Andre Thornton,R,75,200,0.254,253,Andre Thornton,Thornton
Bob Oliver,R,75,205,0.256,94,Bob Oliver,Oliver
Bill Castro,R,71,170,0,0,Bill Castro,Castro
Ed Hodge,L,74,192,0,0,Ed Hodge,Hodge
Tom Buskey,R,75,200,0,0,Tom Buskey,Buskey
Bruce Taylor,R,72,178,0,0,Bruce Taylor,Taylor
Stan Thomas,R,74,185,0,0,Stan Thomas,Thomas
Bob Robertson,R,73,195,0.242,115,Bob Robertson,Robertson
Larry Monroe,R,76,200,0,0,Larry Monroe,Monroe
Roger Slagle,R,75,190,0,0,Roger Slagle,Slagle
Ollie Brown,R,74,178,0.265,102,Ollie Brown,Brown
Jim Campbell,L,71,175,0,0,Jim Campbell,Campbell
Frank Quilici,R,73,170,0.214,5,Frank Quilici,Quilici
Curt Kaufman,R,74,175,0,0,Curt Kaufman,Kaufman
Joe Pepitone,L,74,185,0.258,219,Joe Pepitone,Pepitone
Steve Barber,L,72,195,0.115,5,Steve Barber,Barber
De Wayne Vaughn,R,71,180,0,0,De Wayne Vaughn,Vaughn
Norm Miller,L,70,185,0.238,24,Norm Miller,Miller
Bob Galasso,L,73,205,0,0,Bob Galasso,Galasso
Rich Wortham,R,72,185,0,0,Rich Wortham,Wortham
Bob Chance,L,74,196,0.261,24,Bob Chance,Chance
Julio Cruz,B,69,165,0.237,23,Julio Cruz,Cruz
Bill Sample,R,69,175,0.272,46,Bill Sample,Sample
Juan Nieves,L,75,175,0,0,Juan Nieves,Nieves
Mike Bacsik,R,74,180,0,0,Mike Bacsik,Bacsik
Craig Kusick,R,75,210,0.235,46,Craig Kusick,Kusick
Rudy Meoli,L,69,165,0.212,2,Rudy Meoli,Meoli
Ruppert Jones,L,70,170,0.25,147,Ruppert Jones,Jones
Glenn Hoffman,R,73,175,0.242,23,Glenn Hoffman,Hoffman
Russ Gibson,R,73,195,0.228,8,Russ Gibson,Gibson
Phil Huffman,R,74,180,0,0,Phil Huffman,Huffman
Terry Francona,L,73,190,0.274,16,Terry Francona,Francona
John Bateman,R,75,210,0.23,81,John Bateman,Bateman
Luis Pujols,R,74,175,0.193,6,Luis Pujols,Pujols
Joe Gaines,R,73,190,0.241,21,Joe Gaines,Gaines
Doug Rader,R,74,208,0.251,155,Doug Rader,Rader
Mickey Stanley,R,73,185,0.248,117,Mickey Stanley,Stanley
Steve Brown,R,77,200,0,0,Steve Brown,Brown
Rick Lysander,R,74,190,0,0,Rick Lysander,Lysander
Phil Bradley,R,72,185,0.286,78,Phil Bradley,Bradley
Winston Llenas,R,70,165,0.23,3,Winston Llenas,Llenas
Charlie Moore,R,71,180,0.261,36,Charlie Moore,Moore
Ralph Garr,L,71,185,0.306,75,Ralph Garr,Garr
Tommy John,R,75,180,0.157,5,Tommy John,John
Bruce Benedict,R,73,175,0.242,18,Bruce Benedict,Benedict
John Ellis,R,74,225,0.262,69,John Ellis,Ellis
Wes Parker,B,73,180,0.267,64,Wes Parker,Parker
Mel Stottlemyre,R,72,190,0,0,Mel Stottlemyre2,Stottlemyre
David Green,R,75,170,0.268,31,David Green,Green
Reid Nichols,R,71,165,0.266,22,Reid Nichols,Nichols
Rick Reichardt,R,75,210,0.261,116,Rick Reichardt,Reichardt
Luis Tiant,R,72,180,0.164,5,Luis Tiant,Tiant
Alex Sanchez,R,74,185,0,0,Alex Sanchez,Sanchez
Broderick Perkins,L,70,180,0.271,8,Broderick Perkins,Perkins
Leon Roberts,R,75,200,0.267,78,Leon Roberts,Roberts
Ray Burris,R,77,200,0.151,1,Ray Burris,Burris
Len Gabrielson,L,76,210,0.253,37,Len Gabrielson,Gabrielson
Johnny Edwards,L,76,220,0.242,81,Johnny Edwards,Edwards
Paul Wilmet,R,71,170,0,0,Paul Wilmet,Wilmet
Tom Grieve,R,74,190,0.249,65,Tom Grieve,Grieve
Bruce Ellingsen,L,72,180,0,0,Bruce Ellingsen,Ellingsen
Bob Forsch,R,76,200,0.213,12,Bob Forsch,Forsch
Gorman Heimueller,L,76,195,0,0,Gorman Heimueller,Heimueller
Danny Cater,R,72,170,0.276,66,Danny Cater,Cater
Bill Schroeder,R,74,200,0.24,61,Bill Schroeder,Schroeder
Clay Dalrymple,L,72,190,0.233,55,Clay Dalrymple,Dalrymple
Carlos May,L,71,200,0.274,90,Carlos May,May
Reggie Smith,B,72,180,0.287,314,Reggie Smith,Smith
Ron Reed,R,78,215,0.158,0,Ron Reed,Reed
Fred Howard,R,75,190,0,0,Fred Howard,Howard
Davey Johnson,R,73,170,0.261,136,Davey Johnson,Johnson
Ellis Valentine,R,76,205,0.278,123,Ellis Valentine,Valentine
Roy White,B,70,160,0.271,160,Roy White,White
Mike Brumley,L,70,195,0.229,5,Mike Brumley,Brumley
Al Luplow,L,70,175,0.235,33,Al Luplow,Luplow
John Hoover,R,74,190,0,0,John Hoover,Hoover
Dick Allen,R,71,187,0.292,351,Dick Allen,Allen
Doug Ault,R,75,200,0.236,17,Doug Ault,Ault
Mark Wagner,R,72,165,0.243,3,Mark Wagner,Wagner
Mike Walters,R,77,203,0,0,Mike Walters,Walters
Willie Stargell,L,74,188,0.282,475,Willie Stargell,Stargell
Steve Carlton,L,76,210,0.201,13,Steve Carlton,Carlton
Jake Wood,R,73,163,0.25,35,Jake Wood,Wood
Del Unser,L,73,180,0.258,87,Del Unser,Unser
Bob Brower,R,71,185,0.242,17,Bob Brower,Brower
Ray Culp,R,72,200,0.123,1,Ray Culp,Culp
Ivan Murrell,R,74,195,0.236,33,Ivan Murrell,Murrell
Lee Mazzilli,B,73,180,0.259,93,Lee Mazzilli,Mazzilli
Garth Iorg,R,71,170,0.258,20,Garth Iorg,Iorg
Alan Ashby,B,74,185,0.245,90,Alan Ashby,Ashby
Bob Brenly,R,74,210,0.247,91,Bob Brenly,Brenly
Ron Blomberg,L,73,195,0.293,52,Ron Blomberg,Blomberg
Jim Rooker,R,72,195,0.201,7,Jim Rooker,Rooker
Tim Blackwell,B,71,170,0.228,6,Tim Blackwell,Blackwell
Colby Ward,R,74,185,0,0,Colby Ward,Ward
Jerry Morales,R,70,155,0.259,95,Jerry Morales,Morales
Davey Lopes,R,69,170,0.263,155,Davey Lopes,Lopes
Catfish Hunter,R,72,190,0.226,6,Catfish Hunter,Hunter
Mario Soto,R,72,174,0.132,1,Mario Soto,Soto
Jimmy Wynn,R,70,160,0.25,291,Jimmy Wynn,Wynn
Hank Allen,R,72,190,0.241,6,Hank Allen,Allen
Jim Fregosi,R,73,190,0.265,151,Jim Fregosi,Fregosi
Pepe Frias,R,70,159,0.24,1,Pepe Frias,Frias
Mike Schmidt,R,74,195,0.267,548,Mike Schmidt,Schmidt
Willie Montanez,L,72,170,0.275,139,Willie Montanez,Montanez
Rey Quinones,R,71,160,0.243,29,Rey Quinones,Quinones
Mike Squires,L,71,185,0.26,6,Mike Squires,Squires
Champ Summers,L,74,205,0.255,54,Champ Summers,Summers
Chuck Porter,R,75,187,0,0,Chuck Porter,Porter
Bert Campaneris,R,70,160,0.259,79,Bert Campaneris,Campaneris
Bobby Valentine,R,70,189,0.26,12,Bobby Valentine,Valentine
Rob Andrews,R,72,185,0.251,3,Rob Andrews,Andrews
Tom Haller,L,76,195,0.257,134,Tom Haller,Haller
Tom Dozier,R,74,190,0,0,Tom Dozier,Dozier
Ed Stroud,L,71,180,0.237,14,Ed Stroud,Stroud
Ron Swoboda,R,74,195,0.242,73,Ron Swoboda,Swoboda
Harry Spilman,L,73,180,0.237,18,Harry Spilman,Spilman
Bob Barton,R,72,175,0.226,9,Bob Barton,Barton
Daryl Sconiers,L,74,185,0.265,15,Daryl Sconiers,Sconiers
Joe Torre,R,74,212,0.297,252,Joe Torre,Torre
Al Ferrara,R,73,200,0.259,51,Al Ferrara,Ferrara
Rick Steirer,R,76,200,0,0,Rick Steirer,Steirer
Sixto Lezcano,R,70,165,0.271,148,Sixto Lezcano,Lezcano
Al Lachowicz,R,75,198,0,0,Al Lachowicz,Lachowicz
Dave Nicholson,R,74,215,0.212,61,Dave Nicholson,Nicholson
Freddie Patek,R,65,148,0.242,41,Freddie Patek,Patek
Ken Hubbs,R,74,175,0.247,14,Ken Hubbs,Hubbs
Pepe Mangual,R,70,157,0.242,16,Pepe Mangual,Mangual
Leron Lee,L,72,196,0.25,31,Leron Lee,Lee
Tom McCarthy,R,72,180,0,0,Tom McCarthy,McCarthy
Steve Ontiveros,B,72,185,0.274,24,Steve Ontiveros,Ontiveros
Willie Davis,L,74,180,0.279,182,Willie Davis,Davis
Tom Lawless,R,71,170,0.207,2,Tom Lawless,Lawless
Jerry Moses,R,75,210,0.251,25,Jerry Moses,Moses
Bobby Bonds,R,73,190,0.268,332,Bobby Bonds,Bonds
Dave McNally,R,71,185,0.133,9,Dave McNally,McNally
Darrell Brown,B,72,184,0.274,1,Darrell Brown,Brown
Roy Foster,R,72,185,0.253,45,Roy Foster,Foster
Denis Menke,R,72,185,0.25,101,Denis Menke,Menke
Hal Breeden,R,74,200,0.243,21,Hal Breeden,Breeden
Manny Trillo,R,73,150,0.263,61,Manny Trillo,Trillo
Jackie Gutierrez,R,71,175,0.237,4,Jackie Gutierrez,Gutierrez
Jerry Kenney,L,73,170,0.237,7,Jerry Kenney,Kenney
Fred Kendall,R,73,185,0.234,31,Fred Kendall,Kendall
Mike Anderson,R,74,200,0.246,28,Mike Anderson,Anderson
Jim Lewis,R,75,190,0,0,Jim Lewis,Lewis
Joe Charboneau,R,74,205,0.266,29,Joe Charboneau,Charboneau
Jimmie Schaffer,R,69,170,0.223,11,Jimmie Schaffer,Schaffer
Junior Kennedy,R,71,175,0.248,4,Junior Kennedy,Kennedy
Wilbur Howard,B,74,170,0.25,6,Wilbur Howard,Howard
Rod Gilbreath,R,74,180,0.248,14,Rod Gilbreath,Gilbreath
Mark Brouhard,R,73,210,0.259,25,Mark Brouhard,Brouhard
Dan Morogiello,L,73,200,0,0,Dan Morogiello,Morogiello
Mike Young,B,74,195,0.247,72,Mike Young,Young
Chris Speier,R,73,175,0.246,112,Chris Speier,Speier
Gene Michael,B,74,183,0.229,15,Gene Michael,Michael
Vic Harris,B,71,165,0.217,13,Vic Harris,Harris
Mike Fischlin,R,73,165,0.22,3,Mike Fischlin,Fischlin
Don Money,R,73,170,0.261,176,Don Money,Money
Joe Rudi,R,74,200,0.264,179,Joe Rudi,Rudi
Jim Rice,R,74,200,0.298,382,Jim Rice,Rice
Shawn Holman,R,74,185,0,0,Shawn Holman,Holman
Alan Wirth,R,76,190,0,0,Alan Wirth,Wirth
Gil Garrido,R,69,150,0.237,1,Gil Garrido,Garrido
Marty Perez,R,71,160,0.246,22,Marty Perez,Perez
Tom Matchick,L,73,173,0.215,4,Tom Matchick,Matchick
Jack Perconte,L,70,160,0.27,2,Jack Perconte,Perconte
Ed Kirkpatrick,L,71,195,0.238,85,Ed Kirkpatrick,Kirkpatrick
Jerry Grote,R,70,185,0.252,39,Jerry Grote,Grote
Ellie Hendricks,L,73,175,0.22,62,Ellie Hendricks,Hendricks
Jim Beauchamp,R,74,190,0.231,14,Jim Beauchamp,Beauchamp
Terry Wilshusen,R,74,210,0,0,Terry Wilshusen,Wilshusen
Tito Fuentes,B,71,175,0.268,45,Tito Fuentes,Fuentes
Ron Brand,R,67,167,0.239,3,Ron Brand,Brand
Leo Cardenas,R,71,150,0.257,118,Leo Cardenas,Cardenas
Art Shamsky,L,73,168,0.253,68,Art Shamsky,Shamsky
Steve Ellsworth,R,80,220,0,0,Steve Ellsworth,Ellsworth
Ron Cey,R,70,185,0.261,316,Ron Cey,Cey
Skip Jutze,R,71,190,0.215,3,Skip Jutze,Jutze
Butch Wynegar,B,73,190,0.255,65,Butch Wynegar,Wynegar
Ron LeFlore,R,72,200,0.288,59,Ron LeFlore,LeFlore
Bill Russell,R,72,175,0.263,46,Bill Russell,Russell
Gene Tenace,R,72,190,0.241,201,Gene Tenace,Tenace
Bubba Morton,R,70,175,0.267,14,Bubba Morton,Morton
Ellie Rodriguez,R,71,185,0.245,16,Ellie Rodriguez,Rodriguez
Darrel Chaney,B,74,188,0.217,14,Darrel Chaney,Chaney
Dick Nen,L,74,200,0.224,21,Dick Nen,Nen
Bryan Kelly,R,74,195,0,0,Bryan Kelly,Kelly
Bill Freehan,R,75,203,0.262,200,Bill Freehan,Freehan
Steve Nicosia,R,70,185,0.248,11,Steve Nicosia,Nicosia
Ted Savage,R,73,185,0.233,34,Ted Savage,Savage
Pete Mackanin,R,74,190,0.226,30,Pete Mackanin,Mackanin
Rich Dauer,R,72,180,0.257,43,Rich Dauer,Dauer
Mick Kelleher,R,69,176,0.213,0,Mick Kelleher,Kelleher
Rowland Office,L,72,170,0.259,32,Rowland Office,Office
Rick Leach,L,73,180,0.268,18,Rick Leach,Leach
Dwayne Murphy,L,73,185,0.246,166,Dwayne Murphy,Murphy
Larry Harlow,L,74,185,0.248,12,Larry Harlow,Harlow
Mike Epstein,L,75,230,0.244,130,Mike Epstein,Epstein
Jerry Mumphrey,B,74,185,0.289,70,Jerry Mumphrey,Mumphrey
Don Sutton,R,73,185,0.144,0,Don Sutton,Sutton
Glenn Beckert,R,73,190,0.283,22,Glenn Beckert,Beckert
Ron Davis,R,72,175,0.233,10,Ron Davis,Davis
Mike Shannon,R,75,195,0.255,68,Mike Shannon,Shannon
Jason Thompson,L,76,200,0.261,208,Jason Thompson,Thompson
Wayne Tolleson,B,69,160,0.241,9,Wayne Tolleson,Tolleson
John Leister,R,74,200,0,0,John Leister,Leister
Don Cooper,R,73,185,0,0,Don Cooper,Cooper
Mike Jorgensen,L,72,195,0.243,95,Mike Jorgensen,Jorgensen
Ed Romero,R,71,160,0.247,8,Ed Romero,Romero
Rick Joseph,R,73,192,0.243,13,Rick Joseph,Joseph
Cecil Cooper,L,74,165,0.298,241,Cecil Cooper,Cooper
Bill Almon,R,75,180,0.254,36,Bill Almon,Almon
Joe Ferguson,R,74,200,0.24,122,Joe Ferguson,Ferguson
Jeff Jones,R,75,210,0,0,Jeff Jones,Jones
Jerry Terrell,R,71,165,0.253,4,Jerry Terrell,Terrell
John Poloni,L,77,210,0,0,John Poloni,Poloni
Dave Revering,L,76,210,0.265,62,Dave Revering,Revering
Curt Ford,L,70,150,0.245,7,Curt Ford,Ford
Jerry Dybzinski,R,74,180,0.234,3,Jerry Dybzinski,Dybzinski
Mike Willis,L,74,205,0,0,Mike Willis,Willis
Bob Burda,L,71,174,0.224,13,Bob Burda,Burda
Jesse Gonder,L,70,180,0.251,26,Jesse Gonder,Gonder
Gary Sutherland,R,72,185,0.243,24,Gary Sutherland,Sutherland
Bob Coluccio,R,71,183,0.22,26,Bob Coluccio,Coluccio
Dave Rader,L,71,165,0.257,30,Dave Rader,Rader
Ron Gardenhire,R,72,175,0.232,4,Ron Gardenhire,Gardenhire
Bill Sharp,L,70,178,0.255,9,Bill Sharp,Sharp
Alan Bannister,R,71,170,0.27,19,Alan Bannister,Bannister
Bob Watson,R,72,201,0.295,184,Bob Watson,Watson
Ken Harrelson,R,74,190,0.239,131,Ken Harrelson,Harrelson
Bobby Wine,R,73,187,0.215,30,Bobby Wine,Wine
Stefan Wever,R,80,245,0,0,Stefan Wever,Wever
John Kennedy,R,72,185,0.225,32,John Kennedy,Kennedy
Chico Ruiz,B,72,169,0.24,2,Chico Ruiz,Ruiz
Dave Johnson,R,73,183,0,0,Dave Johnson,Johnson
Gail Hopkins,L,70,198,0.266,25,Gail Hopkins,Hopkins
Doug Frobel,L,76,196,0.201,20,Doug Frobel,Frobel
Luis Melendez,R,72,165,0.248,9,Luis Melendez,Melendez
Jerry Augustine,L,72,183,0,0,Jerry Augustine,Augustine
Bill Plummer,R,73,190,0.188,14,Bill Plummer,Plummer
Buck Rodgers,B,74,190,0.232,31,Buck Rodgers,Rodgers
Phil Niekro,R,73,180,0.169,7,Phil Niekro,Niekro
Jeff Holly,L,77,210,0,0,Jeff Holly,Holly
Tom Poquette,L,70,175,0.268,10,Tom Poquette,Poquette
Eric Hetzel,R,75,175,0,0,Eric Hetzel,Hetzel
Brian Asselstine,L,73,175,0.254,12,Brian Asselstine,Asselstine
Rick Miller,L,72,175,0.269,28,Rick Miller,Miller
Ed Charles,R,70,170,0.263,86,Ed Charles,Charles
Luis Gomez,R,69,150,0.21,0,Luis Gomez,Gomez
Dave Lemanczyk,R,76,235,0,0,Dave Lemanczyk,Lemanczyk
Al Jones,R,76,210,0,0,Al Jones,Jones
Floyd Rayford,R,70,190,0.244,38,Floyd Rayford,Rayford
Sam Hinds,R,78,215,0,0,Sam Hinds,Hinds
Tony Conigliaro,R,75,185,0.264,166,Tony Conigliaro,Conigliaro
Clay Christiansen,R,77,205,0,0,Clay Christiansen,Christiansen
Jim Barr,R,75,205,0.162,1,Jim Barr,Barr
Jerry Remy,L,69,165,0.275,7,Jerry Remy,Remy
Larry Rothschild,L,74,180,0,0,Larry Rothschild,Rothschild
Frank Duffy,R,73,180,0.232,26,Frank Duffy,Duffy
Gary Lance,B,75,195,0,0,Gary Lance,Lance
Tom O'Malley,L,72,180,0.256,13,Tom O'Malley,O'Malley
Phil Garner,R,70,175,0.26,109,Phil Garner,Garner
Larry Pashnick,R,75,205,0,0,Larry Pashnick,Pashnick
Todd Fischer,R,70,170,0,0,Todd Fischer,Fischer
